epoch,time,train/box_loss,train/seg_loss,train/cls_loss,train/dfl_loss,metrics/precision(B),metrics/recall(B),metrics/mAP50(B),metrics/mAP50-95(B),metrics/precision(M),metrics/recall(M),metrics/mAP50(M),metrics/mAP50-95(M),val/box_loss,val/seg_loss,val/cls_loss,val/dfl_loss,lr/pg0,lr/pg1,lr/pg2
1,34.998,3.08197,6.44587,3.56088,4.18784,0.00257,0.6808,0.01131,0.00406,0,0,0,0,2.93151,5.17873,3.86792,4.15142,0.0032716,0.0032716,0.0032716
2,59.1414,2.69763,2.87694,2.74353,3.54342,0.00272,0.68579,0.02373,0.00719,0,0,0,0,3.16779,7.85934,3.32674,4.50144,0.00657224,0.00657224,0.00657224
3,82.962,2.07387,2.33604,2.0863,2.76132,0.76128,0.61845,0.70122,0.2463,0.81485,0.66708,0.75511,0.37162,2.17461,2.22354,2.99577,2.89951,0.00983988,0.00983988,0.00983988
4,107.644,1.5686,1.98411,1.46166,2.11913,0.81528,0.76683,0.81728,0.53144,0.81388,0.74688,0.79079,0.48326,1.30129,2.27763,1.70043,2.02461,0.0098515,0.0098515,0.0098515
5,131.531,1.2944,1.74304,1.12842,1.7811,0.89084,0.77431,0.85578,0.5713,0.88962,0.75373,0.82855,0.51317,1.26512,1.88443,1.0481,1.94391,0.009802,0.009802,0.009802
6,155.555,1.13491,1.54988,0.97699,1.60477,0.91472,0.85411,0.90372,0.62246,0.90841,0.84663,0.89079,0.60148,1.13182,1.61116,0.9314,1.78231,0.0097525,0.0097525,0.0097525
7,179.503,1.05404,1.42594,0.88822,1.51251,0.88201,0.84414,0.89495,0.65606,0.89857,0.81743,0.88011,0.62544,1.00995,1.50576,0.88641,1.62942,0.009703,0.009703,0.009703
8,203.058,0.97335,1.33424,0.81537,1.43627,0.94689,0.88778,0.91669,0.72946,0.94284,0.8844,0.91208,0.69464,0.83127,1.30736,0.69609,1.45517,0.0096535,0.0096535,0.0096535
9,227.032,0.93111,1.26063,0.77289,1.39152,0.95203,0.85786,0.91683,0.72619,0.94766,0.85785,0.91376,0.70266,0.80462,1.25221,0.67619,1.40116,0.009604,0.009604,0.009604
10,250.844,0.87895,1.20195,0.73209,1.33888,0.94598,0.84165,0.90207,0.69995,0.94598,0.84165,0.89666,0.68576,0.89594,1.27194,0.73618,1.49049,0.0095545,0.0095545,0.0095545
11,274.483,0.84083,1.1586,0.69713,1.29645,0.95883,0.89152,0.93417,0.75877,0.95749,0.89027,0.92445,0.73022,0.76937,1.14834,0.65426,1.35399,0.009505,0.009505,0.009505
12,298.186,0.8028,1.11278,0.66616,1.26046,0.94368,0.90524,0.93348,0.77677,0.94196,0.90399,0.92811,0.74436,0.72908,1.12068,0.61812,1.30751,0.0094555,0.0094555,0.0094555
13,322.004,0.78472,1.07443,0.64735,1.2373,0.95674,0.90993,0.93786,0.78848,0.95544,0.90897,0.93169,0.7567,0.67594,1.07723,0.55232,1.25102,0.009406,0.009406,0.009406
14,345.739,0.75373,1.0385,0.62693,1.20859,0.95599,0.92269,0.94001,0.79074,0.95539,0.91771,0.93287,0.75642,0.68972,1.13068,0.57866,1.25095,0.0093565,0.0093565,0.0093565
15,369.601,0.72304,1.01062,0.59793,1.18626,0.97011,0.92269,0.93832,0.7767,0.97098,0.92269,0.93556,0.75347,0.70199,1.05895,0.55934,1.25202,0.009307,0.009307,0.009307
16,393.733,0.70458,0.97999,0.58419,1.16607,0.95966,0.91946,0.93407,0.80249,0.95574,0.91555,0.92967,0.76105,0.64199,1.06359,0.57129,1.18761,0.0092575,0.0092575,0.0092575
17,417.244,0.67789,0.96498,0.5639,1.14116,0.95602,0.92155,0.93759,0.79635,0.95344,0.9193,0.93198,0.76523,0.65262,1.03183,0.54297,1.21126,0.009208,0.009208,0.009208
18,441.018,0.67576,0.95075,0.55732,1.13478,0.94538,0.90645,0.93303,0.79706,0.94018,0.90146,0.92515,0.75783,0.64476,1.0563,0.56976,1.2024,0.0091585,0.0091585,0.0091585
19,464.961,0.65692,0.9352,0.5487,1.12208,0.9564,0.92643,0.93907,0.79692,0.95824,0.91646,0.92994,0.76271,0.63175,1.01352,0.54278,1.1872,0.009109,0.009109,0.009109
20,489.071,0.64073,0.90683,0.5301,1.1099,0.97202,0.90979,0.94287,0.82067,0.97167,0.90648,0.93947,0.78092,0.60554,1.01375,0.50922,1.15506,0.0090595,0.0090595,0.0090595
21,513.107,0.62933,0.90925,0.52852,1.10479,0.97307,0.91771,0.94404,0.81945,0.97129,0.9202,0.93829,0.78695,0.59053,0.99108,0.49654,1.13508,0.00901,0.00901,0.00901
22,536.644,0.61725,0.89403,0.51082,1.09232,0.95859,0.92369,0.94428,0.828,0.956,0.9212,0.93947,0.78627,0.58125,0.99771,0.4983,1.13119,0.0089605,0.0089605,0.0089605
23,560.213,0.60084,0.87056,0.50197,1.08384,0.96807,0.91272,0.94133,0.82437,0.95024,0.92872,0.93581,0.7889,0.56997,0.98157,0.49927,1.12262,0.008911,0.008911,0.008911
24,584.017,0.5905,0.86478,0.49609,1.07551,0.95485,0.91397,0.9452,0.83797,0.95485,0.91397,0.94107,0.79201,0.56906,0.98683,0.48978,1.11729,0.0088615,0.0088615,0.0088615
25,607.885,0.58151,0.8494,0.48237,1.06829,0.95818,0.92893,0.95134,0.83238,0.95869,0.92598,0.94379,0.80313,0.58667,0.95641,0.4697,1.12845,0.008812,0.008812,0.008812
26,631.885,0.57461,0.84236,0.48071,1.06148,0.95468,0.93516,0.94085,0.8407,0.95234,0.93267,0.93728,0.79909,0.54705,0.96514,0.47748,1.09582,0.0087625,0.0087625,0.0087625
27,655.952,0.57041,0.84346,0.47498,1.05908,0.96776,0.91646,0.94917,0.85143,0.96776,0.91646,0.94502,0.81481,0.53889,0.95093,0.45829,1.09488,0.008713,0.008713,0.008713
28,679.486,0.56487,0.82359,0.46934,1.05788,0.97254,0.9272,0.9446,0.83403,0.97254,0.9272,0.9415,0.79668,0.56599,0.97683,0.46535,1.09708,0.0086635,0.0086635,0.0086635
29,703.559,0.55279,0.80948,0.45979,1.04872,0.96832,0.91482,0.939,0.83203,0.96776,0.91771,0.93797,0.79076,0.55974,0.98276,0.49559,1.11132,0.008614,0.008614,0.008614
30,727.048,0.55024,0.82295,0.45769,1.04495,0.96745,0.92648,0.94777,0.84984,0.96354,0.92274,0.94021,0.80475,0.52737,0.94555,0.44371,1.07301,0.0085645,0.0085645,0.0085645
31,750.747,0.53525,0.80203,0.44569,1.03916,0.96887,0.93142,0.94641,0.86008,0.96887,0.93142,0.94368,0.81551,0.50584,0.90513,0.43898,1.0507,0.008515,0.008515,0.008515
32,774.371,0.52697,0.78652,0.43889,1.03004,0.96493,0.92641,0.95005,0.85438,0.96364,0.92517,0.94553,0.80822,0.52709,0.95285,0.4521,1.07074,0.0084655,0.0084655,0.0084655
33,798.071,0.52311,0.77312,0.43054,1.02544,0.98143,0.92259,0.95027,0.86175,0.9801,0.92134,0.94612,0.81649,0.51241,0.91013,0.43221,1.05046,0.008416,0.008416,0.008416
34,821.764,0.52372,0.78269,0.43317,1.02935,0.96741,0.92536,0.94659,0.85086,0.9635,0.92162,0.93869,0.81226,0.51889,0.89568,0.44433,1.05166,0.0083665,0.0083665,0.0083665
35,845.456,0.51427,0.77113,0.42831,1.01985,0.97956,0.92394,0.95015,0.8643,0.97824,0.92269,0.94669,0.82522,0.49578,0.90223,0.42278,1.03832,0.008317,0.008317,0.008317
36,869.273,0.51013,0.77071,0.41828,1.02257,0.97659,0.93612,0.95167,0.85664,0.97525,0.93356,0.94608,0.81367,0.51419,0.88415,0.42989,1.0493,0.0082675,0.0082675,0.0082675
37,893.457,0.50184,0.75261,0.41617,1.00875,0.96091,0.91942,0.94695,0.85414,0.9689,0.90773,0.94421,0.80312,0.50547,0.94711,0.4334,1.03609,0.008218,0.008218,0.008218
38,917.008,0.49648,0.76656,0.41543,1.00968,0.97529,0.93492,0.95357,0.86559,0.97529,0.93492,0.94911,0.82321,0.47986,0.89161,0.40005,1.02501,0.0081685,0.0081685,0.0081685
39,940.998,0.48885,0.74523,0.40323,1.00294,0.97153,0.93622,0.95317,0.86833,0.96764,0.93208,0.94565,0.82412,0.48792,0.89206,0.40874,1.03074,0.008119,0.008119,0.008119
40,965.033,0.48311,0.73836,0.40259,0.99886,0.97612,0.91735,0.95001,0.86383,0.97481,0.91696,0.94399,0.82784,0.50455,0.91017,0.43612,1.03651,0.0080695,0.0080695,0.0080695
41,988.46,0.48707,0.74332,0.40295,1.0015,0.97876,0.92893,0.95129,0.87157,0.97744,0.92768,0.94766,0.83246,0.48162,0.86642,0.40167,1.02453,0.00802,0.00802,0.00802
42,1012.19,0.47483,0.7386,0.39337,0.99695,0.96148,0.93369,0.9535,0.8714,0.9602,0.93244,0.94731,0.82894,0.49002,0.88541,0.41848,1.03024,0.0079705,0.0079705,0.0079705
43,1036.25,0.47255,0.72214,0.39563,0.99215,0.96895,0.9414,0.95337,0.87384,0.96895,0.9414,0.94821,0.83806,0.48561,0.87922,0.40586,1.02947,0.007921,0.007921,0.007921
44,1060,0.47517,0.73422,0.39129,0.99251,0.9781,0.9414,0.95365,0.88256,0.9768,0.94015,0.94873,0.84177,0.45317,0.87212,0.38307,1.0044,0.0078715,0.0078715,0.0078715
45,1083.57,0.4675,0.72621,0.38748,0.98893,0.9703,0.9368,0.95726,0.88313,0.97507,0.93392,0.95602,0.8458,0.46618,0.87673,0.38901,1.00532,0.007822,0.007822,0.007822
46,1107.63,0.46202,0.72394,0.38221,0.98616,0.97295,0.93392,0.95216,0.88086,0.97035,0.93142,0.95014,0.84354,0.47012,0.86706,0.40096,1.01496,0.0077725,0.0077725,0.0077725
47,1131.61,0.46148,0.72391,0.38629,0.9861,0.9671,0.92893,0.95087,0.86961,0.9658,0.92768,0.94646,0.82869,0.48707,0.87153,0.39591,1.03514,0.007723,0.007723,0.007723
48,1155.32,0.4533,0.71971,0.3784,0.97962,0.97798,0.93142,0.95018,0.87442,0.97536,0.92893,0.94496,0.8255,0.46179,0.90244,0.39241,1.01476,0.0076735,0.0076735,0.0076735
49,1179.05,0.45455,0.7138,0.3767,0.98167,0.96909,0.93819,0.95331,0.87904,0.96523,0.93448,0.94767,0.83771,0.45904,0.85363,0.37406,1.00663,0.007624,0.007624,0.007624
50,1202.79,0.44734,0.70692,0.37052,0.9758,0.97859,0.9414,0.95793,0.88883,0.97729,0.94015,0.95516,0.8453,0.45238,0.85545,0.36385,1.00397,0.0075745,0.0075745,0.0075745
51,1227.15,0.44847,0.70665,0.37068,0.9789,0.97763,0.92651,0.95199,0.8709,0.975,0.92402,0.94941,0.83557,0.47497,0.86256,0.40099,1.01366,0.007525,0.007525,0.007525
52,1250.73,0.44353,0.69729,0.36467,0.97363,0.96108,0.9414,0.95535,0.88151,0.95981,0.94015,0.95209,0.84025,0.45381,0.86243,0.37934,1.00261,0.0074755,0.0074755,0.0074755
53,1274.58,0.43898,0.6997,0.36003,0.96854,0.97534,0.93694,0.95196,0.88328,0.97534,0.93694,0.95063,0.84209,0.44215,0.83453,0.36271,0.99116,0.007426,0.007426,0.007426
54,1298.51,0.4342,0.69198,0.3581,0.9725,0.96538,0.93884,0.95424,0.88491,0.96666,0.94008,0.95353,0.84142,0.44872,0.86071,0.38132,0.99828,0.0073765,0.0073765,0.0073765
55,1321.5,0.43211,0.6905,0.35766,0.96579,0.96783,0.94015,0.94362,0.8828,0.96655,0.9389,0.94026,0.84011,0.42825,0.8525,0.37031,0.9845,0.007327,0.007327,0.007327
56,1345.18,0.43233,0.69033,0.35782,0.96754,0.98553,0.93394,0.96167,0.89638,0.98372,0.93142,0.95767,0.8612,0.43678,0.82927,0.35139,0.98856,0.0072775,0.0072775,0.0072775
57,1368.74,0.42472,0.68354,0.35344,0.96639,0.97915,0.93679,0.95651,0.88678,0.97524,0.93304,0.94931,0.8488,0.44173,0.8438,0.37064,0.99338,0.007228,0.007228,0.007228
58,1392.17,0.43017,0.6847,0.3535,0.96694,0.98299,0.93651,0.96035,0.90193,0.97901,0.93036,0.95533,0.85829,0.42449,0.82629,0.35621,0.98229,0.0071785,0.0071785,0.0071785
59,1416.06,0.42286,0.68361,0.35197,0.96184,0.96778,0.93625,0.94791,0.87972,0.96647,0.93446,0.94663,0.83368,0.43981,0.83231,0.3713,0.99267,0.007129,0.007129,0.007129
60,1439.91,0.4133,0.67069,0.33891,0.95576,0.97659,0.93267,0.95856,0.90063,0.97528,0.93142,0.95334,0.85794,0.42892,0.82975,0.37229,0.98432,0.0070795,0.0070795,0.0070795
61,1463.59,0.42058,0.67808,0.34667,0.96129,0.97776,0.93197,0.95509,0.8887,0.97021,0.93385,0.9513,0.84876,0.43033,0.83773,0.36339,0.98453,0.00703,0.00703,0.00703
62,1487.23,0.41791,0.68151,0.34538,0.95897,0.98175,0.93883,0.95518,0.89153,0.97783,0.93509,0.95246,0.85599,0.4317,0.82564,0.36415,0.98656,0.0069805,0.0069805,0.0069805
63,1510.9,0.41325,0.67298,0.33983,0.95634,0.98174,0.93863,0.9562,0.88686,0.97879,0.93516,0.94871,0.84374,0.43246,0.81974,0.34829,0.98899,0.006931,0.006931,0.006931
64,1534.28,0.40681,0.67352,0.33544,0.95408,0.98418,0.93114,0.9566,0.89756,0.9855,0.93239,0.95694,0.8493,0.41776,0.82903,0.34134,0.97685,0.0068815,0.0068815,0.0068815
65,1557.67,0.4113,0.6651,0.34074,0.95526,0.98945,0.93572,0.95961,0.89588,0.9855,0.93198,0.95614,0.85235,0.42718,0.83186,0.35567,0.98244,0.006832,0.006832,0.006832
66,1581.38,0.40382,0.6601,0.3359,0.95066,0.9677,0.93386,0.955,0.8933,0.96769,0.93356,0.95242,0.84388,0.42701,0.84411,0.36272,0.98502,0.0067825,0.0067825,0.0067825
67,1605,0.40151,0.65855,0.33024,0.94582,0.9787,0.93641,0.9583,0.90108,0.9774,0.93516,0.95323,0.8568,0.41334,0.80053,0.35092,0.97299,0.006733,0.006733,0.006733
68,1628.55,0.40316,0.6544,0.32961,0.95157,0.96372,0.93516,0.9513,0.88681,0.96244,0.93392,0.94475,0.83924,0.42171,0.82276,0.37533,0.98128,0.0066835,0.0066835,0.0066835
69,1652.14,0.39925,0.65503,0.32612,0.94873,0.9801,0.93392,0.9563,0.89661,0.97601,0.93516,0.95097,0.85992,0.4159,0.80133,0.35055,0.97782,0.006634,0.006634,0.006634
70,1675.74,0.39887,0.66097,0.32862,0.94763,0.98283,0.93142,0.95827,0.89616,0.98152,0.93017,0.95152,0.85464,0.41722,0.80452,0.34723,0.97932,0.0065845,0.0065845,0.0065845
71,1699.61,0.39909,0.65445,0.32983,0.95009,0.973,0.93766,0.95411,0.88264,0.97041,0.93516,0.94862,0.84411,0.43398,0.83362,0.36586,0.98524,0.006535,0.006535,0.006535
72,1723.69,0.40057,0.65384,0.32874,0.9527,0.9791,0.9414,0.95785,0.89671,0.97985,0.93766,0.95291,0.8524,0.40932,0.79513,0.34183,0.97046,0.0064855,0.0064855,0.0064855
73,1747.07,0.39408,0.65086,0.32618,0.94742,0.98347,0.93766,0.95709,0.8977,0.98216,0.93641,0.95237,0.85363,0.41006,0.8279,0.34525,0.96843,0.006436,0.006436,0.006436
74,1770.91,0.39494,0.64757,0.32569,0.94762,0.97925,0.94166,0.9559,0.89609,0.97925,0.94166,0.95356,0.85368,0.41355,0.81927,0.34806,0.97397,0.0063865,0.0063865,0.0063865
75,1794.26,0.39022,0.64713,0.31773,0.94446,0.96148,0.94015,0.95618,0.89517,0.96021,0.9389,0.9504,0.84683,0.41573,0.82361,0.3507,0.97422,0.006337,0.006337,0.006337
76,1817.85,0.38881,0.65114,0.3216,0.9433,0.98304,0.93977,0.95698,0.90091,0.97664,0.93826,0.94995,0.8532,0.39439,0.79977,0.33284,0.96315,0.0062875,0.0062875,0.0062875
77,1841.73,0.38577,0.64698,0.32322,0.94091,0.98811,0.93249,0.95424,0.89001,0.98679,0.93124,0.95039,0.84627,0.41513,0.81231,0.34427,0.97854,0.006238,0.006238,0.006238
78,1865.14,0.38146,0.6432,0.31159,0.93777,0.98043,0.93716,0.95867,0.90188,0.97914,0.93631,0.95391,0.86109,0.39878,0.79814,0.33623,0.96545,0.0061885,0.0061885,0.0061885
79,1888.65,0.37978,0.63205,0.31418,0.94025,0.96775,0.94015,0.9559,0.89687,0.97277,0.93535,0.95203,0.84825,0.40111,0.80311,0.34295,0.96028,0.006139,0.006139,0.006139
80,1912.01,0.38669,0.64431,0.31344,0.94048,0.96758,0.9414,0.95279,0.8956,0.96502,0.9389,0.94848,0.85401,0.39714,0.79672,0.34227,0.95994,0.0060895,0.0060895,0.0060895
81,1935.93,0.3847,0.64011,0.31486,0.94144,0.98563,0.94066,0.95998,0.90362,0.98858,0.93267,0.95487,0.85776,0.39095,0.78523,0.31149,0.95456,0.00604,0.00604,0.00604
82,1959.24,0.38156,0.63835,0.30965,0.94022,0.9792,0.93516,0.95666,0.90301,0.97823,0.93392,0.95188,0.85605,0.39928,0.79358,0.33457,0.95881,0.0059905,0.0059905,0.0059905
83,1982.55,0.37858,0.63424,0.31048,0.94001,0.98429,0.93641,0.9574,0.90299,0.98283,0.93516,0.95169,0.85642,0.39266,0.79731,0.32385,0.9619,0.005941,0.005941,0.005941
84,2005.9,0.37402,0.6297,0.30957,0.93464,0.98432,0.93943,0.96053,0.90723,0.98276,0.93766,0.95968,0.86344,0.38985,0.78826,0.32144,0.95178,0.0058915,0.0058915,0.0058915
85,2029.51,0.3734,0.6315,0.30553,0.9354,0.97683,0.94602,0.95908,0.90466,0.98679,0.93124,0.95443,0.85893,0.38862,0.78737,0.3103,0.95135,0.005842,0.005842,0.005842
86,2052.84,0.36912,0.62947,0.3028,0.93307,0.98044,0.93766,0.95516,0.89971,0.98044,0.93766,0.95265,0.85345,0.38769,0.80363,0.32403,0.95808,0.0057925,0.0057925,0.0057925
87,2076.24,0.37367,0.6295,0.30753,0.93498,0.97485,0.94264,0.95525,0.90282,0.97099,0.9389,0.95322,0.8608,0.38728,0.7759,0.32278,0.95624,0.005743,0.005743,0.005743
88,2099.45,0.37146,0.62678,0.30812,0.93476,0.97298,0.94015,0.9544,0.89959,0.9704,0.93766,0.94651,0.85119,0.38219,0.77288,0.32712,0.9482,0.0056935,0.0056935,0.0056935
89,2122.84,0.36962,0.63488,0.30532,0.93374,0.98303,0.93875,0.95785,0.90741,0.97911,0.93503,0.9549,0.86128,0.38884,0.7716,0.33243,0.95525,0.005644,0.005644,0.005644
90,2146.31,0.36741,0.63253,0.30177,0.93428,0.98426,0.93574,0.95616,0.89927,0.98295,0.93449,0.95215,0.85135,0.38642,0.77773,0.32599,0.95718,0.0055945,0.0055945,0.0055945
91,2169.42,0.36878,0.62662,0.30344,0.92937,0.97431,0.93641,0.95828,0.90092,0.97243,0.93766,0.95355,0.85294,0.38962,0.7948,0.32265,0.95816,0.005545,0.005545,0.005545
92,2193.12,0.35946,0.61867,0.29557,0.92755,0.97925,0.94167,0.95897,0.90888,0.97796,0.94042,0.95754,0.86108,0.37837,0.77885,0.31572,0.94857,0.0054955,0.0054955,0.0054955
93,2216.34,0.36475,0.62317,0.29867,0.931,0.98217,0.93766,0.95951,0.90643,0.97956,0.93516,0.9549,0.86425,0.38808,0.77502,0.32214,0.96039,0.005446,0.005446,0.005446
94,2239.94,0.35583,0.61948,0.29717,0.92519,0.98429,0.93756,0.95836,0.90358,0.98167,0.93507,0.95239,0.85995,0.38669,0.78838,0.3187,0.95263,0.0053965,0.0053965,0.0053965
95,2263.54,0.36062,0.61505,0.29425,0.92532,0.97789,0.93516,0.95734,0.90328,0.97659,0.93392,0.95397,0.86068,0.39041,0.78642,0.332,0.95932,0.005347,0.005347,0.005347
96,2286.93,0.35498,0.61656,0.29105,0.92645,0.98054,0.94234,0.95826,0.90735,0.98054,0.94234,0.95474,0.86391,0.38128,0.78879,0.31565,0.94921,0.0052975,0.0052975,0.0052975
97,2310.54,0.35883,0.61522,0.29326,0.92595,0.98555,0.93556,0.95827,0.90209,0.9855,0.93392,0.95491,0.86027,0.3881,0.77677,0.31302,0.95379,0.005248,0.005248,0.005248
98,2333.58,0.35789,0.61343,0.29184,0.92619,0.98689,0.94514,0.95732,0.90315,0.98564,0.94126,0.95634,0.86365,0.38048,0.76985,0.30589,0.94838,0.0051985,0.0051985,0.0051985
99,2357.1,0.35646,0.61589,0.2902,0.92297,0.98752,0.93142,0.96121,0.90897,0.98313,0.93641,0.959,0.86517,0.38681,0.77676,0.31909,0.95477,0.005149,0.005149,0.005149
100,2380.95,0.35066,0.60884,0.28647,0.92298,0.98127,0.9389,0.95837,0.90815,0.98263,0.93766,0.9581,0.861,0.37984,0.78608,0.31573,0.94716,0.0050995,0.0050995,0.0050995
101,2404.26,0.35634,0.60848,0.2924,0.9277,0.98585,0.94389,0.9577,0.90642,0.98455,0.94264,0.95586,0.86188,0.37741,0.77321,0.30527,0.94856,0.00505,0.00505,0.00505
102,2427.56,0.35324,0.60795,0.28597,0.92254,0.98758,0.93766,0.95915,0.91163,0.98803,0.93641,0.9572,0.86393,0.36714,0.76743,0.30937,0.94352,0.0050005,0.0050005,0.0050005
103,2450.9,0.34741,0.60254,0.28688,0.92349,0.98632,0.94015,0.96064,0.9134,0.98501,0.9389,0.95775,0.87055,0.37767,0.78785,0.31795,0.9538,0.004951,0.004951,0.004951
104,2474.89,0.34889,0.60381,0.28317,0.91996,0.98433,0.93998,0.96123,0.91178,0.98433,0.93998,0.95821,0.86726,0.37974,0.75777,0.30247,0.95152,0.0049015,0.0049015,0.0049015
105,2498.16,0.34701,0.60975,0.2859,0.92115,0.98161,0.94015,0.96014,0.9071,0.98031,0.9389,0.95735,0.86146,0.3752,0.76599,0.3053,0.94745,0.004852,0.004852,0.004852
106,2522.12,0.34774,0.60564,0.28561,0.92231,0.98303,0.93881,0.95822,0.9048,0.97921,0.93516,0.95428,0.85947,0.37499,0.77364,0.316,0.94765,0.0048025,0.0048025,0.0048025
107,2545.54,0.34541,0.60383,0.27848,0.92341,0.989,0.93392,0.96307,0.91507,0.989,0.93392,0.96137,0.87181,0.3687,0.76474,0.30004,0.94439,0.004753,0.004753,0.004753
108,2569.38,0.34331,0.59891,0.28189,0.91997,0.98815,0.93575,0.959,0.90552,0.98552,0.93325,0.9553,0.86065,0.37789,0.76858,0.31641,0.95126,0.0047035,0.0047035,0.0047035
109,2592.94,0.34157,0.60567,0.28271,0.92083,0.97949,0.9389,0.95925,0.90658,0.97819,0.93766,0.95571,0.86166,0.37761,0.76241,0.32076,0.94994,0.004654,0.004654,0.004654
110,2616.42,0.34388,0.59931,0.28132,0.92122,0.98445,0.93516,0.9571,0.90865,0.97913,0.93591,0.95423,0.85931,0.3669,0.76524,0.30047,0.94358,0.0046045,0.0046045,0.0046045
111,2639.7,0.34121,0.58734,0.2789,0.91996,0.98064,0.93766,0.95915,0.91023,0.97909,0.93403,0.95535,0.86743,0.36989,0.77099,0.31874,0.9435,0.004555,0.004555,0.004555
112,2663.57,0.34108,0.59625,0.28063,0.92018,0.98304,0.93976,0.96223,0.91208,0.98304,0.93976,0.96166,0.87205,0.36435,0.7583,0.29342,0.939,0.0045055,0.0045055,0.0045055
113,2687.28,0.33886,0.59843,0.27794,0.91635,0.97514,0.94264,0.95888,0.90903,0.98296,0.93392,0.95623,0.86357,0.37508,0.76061,0.3084,0.94539,0.004456,0.004456,0.004456
114,2711.5,0.33914,0.59677,0.27693,0.91659,0.98684,0.93506,0.96224,0.91179,0.98684,0.93506,0.96123,0.86823,0.37179,0.74287,0.29969,0.94463,0.0044065,0.0044065,0.0044065
115,2735.16,0.33361,0.59436,0.27314,0.91465,0.98326,0.93641,0.96039,0.91387,0.98166,0.93392,0.95964,0.86929,0.36363,0.73929,0.30827,0.93952,0.004357,0.004357,0.004357
116,2758.9,0.33595,0.59662,0.27472,0.91945,0.98817,0.93742,0.96008,0.9131,0.98467,0.9389,0.95763,0.86866,0.36331,0.73977,0.29566,0.93464,0.0043075,0.0043075,0.0043075
117,2782.56,0.33867,0.59086,0.27418,0.91991,0.97671,0.94107,0.96033,0.91075,0.97671,0.94107,0.95885,0.86474,0.36484,0.75364,0.30471,0.93997,0.004258,0.004258,0.004258
118,2805.76,0.33363,0.59104,0.27349,0.91458,0.98625,0.93516,0.95894,0.90902,0.98558,0.93516,0.95854,0.864,0.36249,0.75196,0.29196,0.93916,0.0042085,0.0042085,0.0042085
119,2829.77,0.33016,0.58151,0.26876,0.91283,0.97673,0.94212,0.96262,0.91466,0.98196,0.93516,0.96106,0.87249,0.36373,0.76175,0.29342,0.94139,0.004159,0.004159,0.004159
120,2853.16,0.32924,0.58553,0.26946,0.91374,0.98008,0.94264,0.96269,0.9182,0.97938,0.94015,0.96253,0.8747,0.35814,0.76156,0.30024,0.93292,0.0041095,0.0041095,0.0041095
121,2877.07,0.33084,0.59023,0.26987,0.91452,0.97961,0.94389,0.96031,0.91401,0.97823,0.94264,0.95993,0.86988,0.36274,0.75166,0.30129,0.9363,0.00406,0.00406,0.00406
122,2901.02,0.32459,0.58,0.26605,0.91129,0.98025,0.93766,0.96194,0.91791,0.98199,0.93017,0.95894,0.87202,0.36155,0.75966,0.29527,0.93599,0.0040105,0.0040105,0.0040105
123,2925.24,0.32571,0.58566,0.26528,0.91362,0.98611,0.9389,0.96333,0.91817,0.98299,0.93683,0.96172,0.87278,0.35968,0.75954,0.29504,0.93427,0.003961,0.003961,0.003961
124,2949.32,0.33028,0.59303,0.26699,0.91558,0.98501,0.93766,0.95848,0.91273,0.98331,0.93641,0.95551,0.86594,0.35697,0.74685,0.29444,0.93426,0.0039115,0.0039115,0.0039115
125,2973.08,0.32875,0.58162,0.26357,0.91361,0.98946,0.9364,0.95923,0.9135,0.98682,0.93391,0.95745,0.86378,0.35609,0.751,0.28552,0.9347,0.003862,0.003862,0.003862
126,2996.33,0.32397,0.58925,0.26539,0.90987,0.97926,0.94206,0.95874,0.91159,0.98552,0.93323,0.95757,0.86509,0.36117,0.75405,0.29118,0.93615,0.0038125,0.0038125,0.0038125
127,3019.83,0.32818,0.58464,0.26741,0.91371,0.9788,0.94264,0.95856,0.91266,0.97938,0.93766,0.95662,0.86605,0.35144,0.75153,0.2912,0.93243,0.003763,0.003763,0.003763
128,3043.1,0.32052,0.58213,0.26263,0.90955,0.98558,0.93762,0.95858,0.91254,0.9817,0.93645,0.9558,0.86618,0.35594,0.74085,0.29343,0.93552,0.0037135,0.0037135,0.0037135
129,3067.17,0.3222,0.57512,0.26026,0.91094,0.98142,0.9414,0.95878,0.91392,0.98012,0.94015,0.95844,0.86905,0.35467,0.73109,0.28912,0.93303,0.003664,0.003664,0.003664
130,3090.68,0.32529,0.57654,0.26403,0.91355,0.98188,0.94574,0.9615,0.9178,0.98913,0.93516,0.95924,0.87355,0.35118,0.73029,0.29016,0.93052,0.0036145,0.0036145,0.0036145
131,3114.47,0.32146,0.57944,0.26153,0.91021,0.98185,0.9445,0.96041,0.91183,0.97936,0.9389,0.95776,0.86934,0.35352,0.7407,0.29052,0.93215,0.003565,0.003565,0.003565
132,3137.83,0.31913,0.57326,0.25882,0.91014,0.98444,0.94015,0.96139,0.91335,0.98183,0.93766,0.95721,0.86805,0.3498,0.75227,0.28484,0.92961,0.0035155,0.0035155,0.0035155
133,3161.56,0.32171,0.57965,0.26128,0.90821,0.97866,0.94389,0.96075,0.91209,0.97668,0.93982,0.95539,0.86519,0.35356,0.7542,0.29179,0.93522,0.003466,0.003466,0.003466
134,3184.89,0.31803,0.57368,0.25916,0.90802,0.98686,0.93668,0.9599,0.90839,0.98596,0.93516,0.95677,0.86722,0.35143,0.74787,0.28993,0.93246,0.0034165,0.0034165,0.0034165
135,3209.14,0.31797,0.57476,0.25884,0.90834,0.98177,0.94,0.96125,0.91449,0.98047,0.93875,0.95969,0.87094,0.35892,0.75572,0.29957,0.93667,0.003367,0.003367,0.003367
136,3233.15,0.31372,0.57351,0.25416,0.90561,0.99075,0.93516,0.95852,0.91234,0.98943,0.93391,0.95757,0.86893,0.34989,0.7468,0.28871,0.93347,0.0033175,0.0033175,0.0033175
137,3256.85,0.31426,0.56826,0.25432,0.90771,0.98177,0.94023,0.96078,0.91691,0.98049,0.93979,0.9593,0.87509,0.34842,0.74118,0.28428,0.92948,0.003268,0.003268,0.003268
138,3280.51,0.31254,0.56898,0.25473,0.90957,0.9827,0.94264,0.96164,0.91547,0.98094,0.93766,0.96083,0.87345,0.34779,0.73401,0.2882,0.92906,0.0032185,0.0032185,0.0032185
139,3304.28,0.31176,0.56312,0.25387,0.90528,0.97656,0.94638,0.96095,0.91447,0.97656,0.94638,0.96075,0.87132,0.34514,0.74902,0.29045,0.9279,0.003169,0.003169,0.003169
140,3328.02,0.3098,0.56155,0.25385,0.90422,0.98439,0.94373,0.96205,0.91762,0.98179,0.94123,0.95991,0.8738,0.3506,0.74845,0.28967,0.92941,0.0031195,0.0031195,0.0031195
141,3352.55,0.31223,0.5643,0.25123,0.908,0.98215,0.94264,0.96247,0.91418,0.98632,0.93267,0.9587,0.87186,0.35065,0.75035,0.28246,0.9271,0.00307,0.00307,0.00307
142,3376.02,0.30859,0.56829,0.2522,0.90653,0.98297,0.93575,0.96019,0.91319,0.98002,0.93766,0.96001,0.86775,0.34658,0.74542,0.28412,0.92612,0.0030205,0.0030205,0.0030205
143,3399.27,0.30946,0.56736,0.25091,0.90492,0.98436,0.94165,0.96247,0.91653,0.98307,0.94098,0.96187,0.87323,0.34688,0.75551,0.28187,0.92707,0.002971,0.002971,0.002971
144,3422.74,0.30932,0.56738,0.25231,0.9046,0.98625,0.94264,0.96042,0.91481,0.98255,0.94514,0.96012,0.87149,0.34759,0.74863,0.28,0.93112,0.0029215,0.0029215,0.0029215
145,3446.6,0.30605,0.56562,0.25166,0.90409,0.97982,0.94638,0.96181,0.91766,0.97852,0.94514,0.96141,0.87204,0.3455,0.74145,0.28309,0.92999,0.002872,0.002872,0.002872
146,3469.93,0.30719,0.5647,0.24976,0.9079,0.99178,0.93516,0.96232,0.91617,0.99178,0.93516,0.96323,0.87272,0.3496,0.74219,0.28042,0.93235,0.0028225,0.0028225,0.0028225
147,3493.52,0.30514,0.56028,0.24697,0.90396,0.98691,0.94514,0.9618,0.91387,0.98427,0.94264,0.96062,0.86979,0.34887,0.73164,0.27904,0.93112,0.002773,0.002773,0.002773
148,3517.11,0.30526,0.55964,0.24636,0.90475,0.98184,0.94359,0.96045,0.91396,0.98054,0.94234,0.96025,0.86883,0.34635,0.72999,0.28047,0.92761,0.0027235,0.0027235,0.0027235
149,3541.09,0.30713,0.5663,0.24951,0.90417,0.98944,0.93492,0.96172,0.91508,0.98812,0.93367,0.96132,0.87113,0.34422,0.72765,0.27896,0.92572,0.002674,0.002674,0.002674
150,3564.65,0.30511,0.55188,0.24813,0.90604,0.97879,0.94638,0.96197,0.91706,0.98778,0.93516,0.96,0.87408,0.34439,0.73133,0.28134,0.92786,0.0026245,0.0026245,0.0026245
151,3587.89,0.30003,0.55679,0.24238,0.90118,0.98558,0.94389,0.96017,0.91573,0.98428,0.94264,0.95962,0.87099,0.34241,0.73125,0.27989,0.92544,0.002575,0.002575,0.002575
152,3611.51,0.30222,0.55611,0.24842,0.90393,0.98264,0.94389,0.96129,0.9153,0.98134,0.94264,0.96116,0.8726,0.34072,0.73792,0.27411,0.92534,0.0025255,0.0025255,0.0025255
153,3635.15,0.30019,0.55363,0.2429,0.90481,0.98848,0.93766,0.96079,0.91816,0.98717,0.93641,0.96046,0.8744,0.33646,0.73638,0.27998,0.9213,0.002476,0.002476,0.002476
154,3658.72,0.29693,0.55039,0.24071,0.89959,0.98368,0.9414,0.96023,0.9151,0.98237,0.94015,0.95974,0.8737,0.34078,0.74294,0.28194,0.92581,0.0024265,0.0024265,0.0024265
155,3681.86,0.2965,0.5512,0.24187,0.90031,0.98436,0.94188,0.95936,0.91535,0.98306,0.94064,0.95912,0.87245,0.34172,0.73171,0.28078,0.92595,0.002377,0.002377,0.002377
156,3705.23,0.2982,0.55385,0.24167,0.90245,0.98567,0.94315,0.9606,0.91631,0.98436,0.9419,0.96009,0.87308,0.34135,0.72901,0.27954,0.92718,0.0023275,0.0023275,0.0023275
157,3728.4,0.30024,0.55411,0.24156,0.90326,0.98032,0.94763,0.95981,0.91421,0.9814,0.94264,0.95941,0.87064,0.34195,0.72173,0.2807,0.92713,0.002278,0.002278,0.002278
158,3751.57,0.2972,0.55125,0.23919,0.89943,0.97692,0.9501,0.95955,0.91265,0.98214,0.9414,0.959,0.8704,0.34415,0.72757,0.28296,0.9284,0.0022285,0.0022285,0.0022285
159,3774.78,0.29703,0.55362,0.24474,0.90059,0.98712,0.94015,0.96033,0.91293,0.98581,0.9389,0.95987,0.87026,0.34618,0.73632,0.28195,0.93126,0.002179,0.002179,0.002179
160,3798.22,0.29441,0.54782,0.23692,0.89928,0.98681,0.9414,0.96058,0.91432,0.98551,0.94015,0.95975,0.87088,0.34502,0.73101,0.28274,0.92949,0.0021295,0.0021295,0.0021295
161,3821.83,0.29392,0.54775,0.23862,0.89882,0.98566,0.94245,0.96213,0.91387,0.98435,0.94127,0.96067,0.87277,0.34438,0.73396,0.28347,0.92975,0.00208,0.00208,0.00208
162,3845.75,0.29602,0.5524,0.2377,0.90143,0.98188,0.94514,0.96185,0.91784,0.98058,0.94389,0.96077,0.87468,0.34162,0.72946,0.27928,0.9284,0.0020305,0.0020305,0.0020305
163,3869.75,0.29434,0.55147,0.23853,0.90121,0.98823,0.94219,0.96185,0.91716,0.98692,0.94094,0.96138,0.87349,0.34169,0.72447,0.27908,0.92893,0.001981,0.001981,0.001981
164,3893.34,0.28984,0.54185,0.23511,0.89798,0.98454,0.94514,0.9611,0.91563,0.98324,0.94389,0.96052,0.87384,0.33986,0.72057,0.279,0.92712,0.0019315,0.0019315,0.0019315
165,3916.87,0.29116,0.54306,0.23091,0.89657,0.98844,0.94015,0.96104,0.91409,0.98713,0.9389,0.96017,0.87142,0.34141,0.72735,0.27948,0.92802,0.001882,0.001882,0.001882
166,3940.12,0.28966,0.54227,0.23227,0.89946,0.98864,0.94015,0.96102,0.91368,0.98733,0.9389,0.9604,0.87138,0.34012,0.73157,0.27823,0.92638,0.0018325,0.0018325,0.0018325
167,3963.61,0.28753,0.54568,0.23277,0.89495,0.98176,0.94888,0.96126,0.91432,0.98047,0.94763,0.96061,0.87323,0.33962,0.73019,0.27945,0.92559,0.001783,0.001783,0.001783
168,3987.5,0.28967,0.54016,0.23173,0.89877,0.98873,0.9414,0.96018,0.91378,0.98742,0.94015,0.95969,0.8718,0.34074,0.72905,0.27572,0.92474,0.0017335,0.0017335,0.0017335
169,4011.47,0.29036,0.53658,0.23452,0.89975,0.98821,0.94082,0.96056,0.91346,0.9869,0.93957,0.95981,0.87058,0.3378,0.73199,0.2756,0.92278,0.001684,0.001684,0.001684
170,4034.78,0.28552,0.53848,0.23061,0.89548,0.98853,0.9389,0.96113,0.91317,0.98721,0.93766,0.96047,0.8726,0.34206,0.7299,0.28135,0.92622,0.0016345,0.0016345,0.0016345
171,4058.94,0.28581,0.53704,0.2285,0.89764,0.98822,0.94106,0.96012,0.91445,0.98691,0.93982,0.95924,0.87199,0.34072,0.72638,0.28201,0.92534,0.001585,0.001585,0.001585
172,4083.06,0.28676,0.54189,0.22805,0.89685,0.98559,0.9414,0.9617,0.91769,0.98584,0.93641,0.95842,0.87229,0.33707,0.72445,0.27739,0.92377,0.0015355,0.0015355,0.0015355
173,4107.08,0.28269,0.52997,0.22836,0.89629,0.98664,0.94015,0.96176,0.91774,0.98533,0.9389,0.96059,0.87339,0.3355,0.71975,0.27772,0.92127,0.001486,0.001486,0.001486
174,4130.85,0.28303,0.534,0.22979,0.89442,0.98686,0.94015,0.96211,0.91703,0.98555,0.9389,0.96052,0.87443,0.3359,0.72372,0.27794,0.92179,0.0014365,0.0014365,0.0014365
175,4154.37,0.27952,0.53475,0.22549,0.89322,0.98304,0.93939,0.96169,0.91641,0.98173,0.93815,0.95986,0.87335,0.33754,0.72124,0.27703,0.9233,0.001387,0.001387,0.001387
176,4177.59,0.28008,0.53635,0.22594,0.89135,0.98688,0.93821,0.96303,0.91627,0.98657,0.93641,0.96127,0.87428,0.33837,0.72003,0.27572,0.92457,0.0013375,0.0013375,0.0013375
177,4200.93,0.28136,0.53533,0.2273,0.89485,0.9876,0.9389,0.96226,0.91658,0.98629,0.93766,0.96077,0.87403,0.33794,0.71995,0.27467,0.92365,0.001288,0.001288,0.001288
178,4224.1,0.28117,0.52811,0.22565,0.89438,0.98691,0.93766,0.96157,0.91709,0.9856,0.93641,0.96051,0.87436,0.33831,0.72781,0.27524,0.92592,0.0012385,0.0012385,0.0012385
179,4248.27,0.27516,0.52818,0.2207,0.89057,0.97566,0.95137,0.96224,0.91672,0.97438,0.95012,0.96101,0.87379,0.3391,0.72508,0.27445,0.92591,0.001189,0.001189,0.001189
180,4271.71,0.27898,0.53471,0.22408,0.89291,0.97688,0.9484,0.96152,0.91668,0.9756,0.94715,0.96061,0.8741,0.33884,0.72064,0.27783,0.92491,0.0011395,0.0011395,0.0011395
181,4295.45,0.28044,0.54403,0.2261,0.89626,0.97566,0.94974,0.96079,0.91724,0.97438,0.94849,0.96007,0.87549,0.33841,0.71968,0.28062,0.92432,0.00109,0.00109,0.00109
182,4319.21,0.27725,0.52458,0.22196,0.89359,0.97918,0.94763,0.96082,0.91582,0.9779,0.94638,0.96049,0.87338,0.33803,0.72048,0.27883,0.92446,0.0010405,0.0010405,0.0010405
183,4342.9,0.27709,0.53173,0.2231,0.8928,0.98185,0.94426,0.96115,0.91677,0.98055,0.94301,0.96089,0.87508,0.33682,0.72292,0.27817,0.92383,0.000991,0.000991,0.000991
184,4366.52,0.27468,0.53174,0.2193,0.89224,0.98035,0.94638,0.96122,0.91768,0.97906,0.94514,0.961,0.87727,0.33471,0.72205,0.27549,0.92205,0.0009415,0.0009415,0.0009415
185,4390.4,0.27417,0.53012,0.21907,0.89376,0.98064,0.94724,0.96188,0.91897,0.97935,0.94599,0.96157,0.87782,0.33379,0.71998,0.27609,0.92093,0.000892,0.000892,0.000892
186,4413.72,0.27432,0.53063,0.22112,0.89314,0.98067,0.94888,0.96173,0.91892,0.97809,0.94638,0.96114,0.87716,0.33504,0.7188,0.27601,0.9224,0.0008425,0.0008425,0.0008425
187,4437.63,0.27316,0.52207,0.22021,0.89128,0.9794,0.9484,0.96157,0.91704,0.97811,0.94715,0.96127,0.87596,0.3348,0.71813,0.27434,0.92268,0.000793,0.000793,0.000793
188,4461.41,0.27599,0.53014,0.22186,0.89359,0.97932,0.94888,0.96148,0.9168,0.97674,0.94638,0.96096,0.87628,0.33524,0.71709,0.27502,0.92205,0.0007435,0.0007435,0.0007435
189,4485.19,0.27183,0.52606,0.21845,0.89372,0.97879,0.94888,0.96149,0.9166,0.97622,0.94638,0.96092,0.87469,0.336,0.71651,0.27534,0.92274,0.000694,0.000694,0.000694
190,4508.78,0.27182,0.52266,0.21989,0.89408,0.9794,0.9486,0.9615,0.91828,0.97811,0.94735,0.96049,0.87465,0.33587,0.71949,0.27712,0.92325,0.0006445,0.0006445,0.0006445
191,4539.17,0.28936,0.58522,0.23176,0.90819,0.9754,0.94763,0.96065,0.91753,0.98495,0.93641,0.96007,0.875,0.33549,0.7131,0.27731,0.9246,0.000595,0.000595,0.000595
192,4562.78,0.27643,0.56146,0.21567,0.90045,0.98688,0.93794,0.96077,0.9179,0.98557,0.9367,0.96027,0.87483,0.33264,0.70752,0.27284,0.92278,0.0005455,0.0005455,0.0005455
193,4586.4,0.27205,0.55629,0.21105,0.89508,0.97533,0.94763,0.96111,0.91643,0.97405,0.94638,0.96122,0.87469,0.33242,0.70522,0.27129,0.92255,0.000496,0.000496,0.000496
194,4609.92,0.26964,0.5507,0.20922,0.89055,0.98554,0.9389,0.96131,0.91751,0.98423,0.93766,0.96161,0.87388,0.33072,0.70208,0.26851,0.92028,0.0004465,0.0004465,0.0004465
195,4633.22,0.26869,0.55108,0.20868,0.8936,0.97564,0.94885,0.96153,0.91752,0.97436,0.9476,0.96177,0.87463,0.32815,0.69918,0.2655,0.91787,0.000397,0.000397,0.000397
196,4656.55,0.26712,0.54531,0.20618,0.89299,0.97566,0.95012,0.96195,0.91758,0.97438,0.94888,0.96196,0.87466,0.32763,0.69708,0.26589,0.9172,0.0003475,0.0003475,0.0003475
197,4680.07,0.26473,0.54524,0.20342,0.89042,0.97936,0.94676,0.96197,0.91698,0.97807,0.94552,0.96181,0.87372,0.32631,0.69628,0.26471,0.91626,0.000298,0.000298,0.000298
198,4703.39,0.26299,0.54558,0.20339,0.88652,0.97742,0.94888,0.96206,0.91689,0.97614,0.94763,0.96188,0.87489,0.32542,0.6947,0.26398,0.91513,0.0002485,0.0002485,0.0002485
199,4726.38,0.26241,0.54442,0.19979,0.88874,0.97817,0.94991,0.96204,0.91753,0.97689,0.94866,0.96194,0.87516,0.32509,0.69357,0.26355,0.91462,0.000199,0.000199,0.000199
200,4749.84,0.25971,0.5386,0.19908,0.88578,0.97817,0.95002,0.9624,0.91745,0.97689,0.94878,0.96195,0.87437,0.32386,0.69353,0.26217,0.91331,0.0001495,0.0001495,0.0001495
