                  epoch,         train/box_loss,         train/seg_loss,         train/cls_loss,         train/dfl_loss,   metrics/precision(B),      metrics/recall(B),       metrics/mAP50(B),    metrics/mAP50-95(B),   metrics/precision(M),      metrics/recall(M),       metrics/mAP50(M),    metrics/mAP50-95(M),           val/box_loss,           val/seg_loss,           val/cls_loss,           val/dfl_loss,                 lr/pg0,                 lr/pg1,                 lr/pg2
                      1,                 3.0615,                   5.16,                 3.2586,                 2.9546,                0.47041,                0.46259,                0.42073,                0.21375,                0.47596,                0.45262,                0.40542,                0.19373,                   1.86,                 2.7813,                  2.956,                 2.3944,              0.0033178,              0.0033178,              0.0033178
                      2,                 1.5277,                 2.2893,                 1.6749,                  1.681,                0.88537,                  0.809,                 0.8717,                0.59241,                0.87855,                0.80276,                0.85054,                0.52202,                 1.1693,                 1.8365,                 1.2259,                  1.633,              0.0066292,              0.0066292,              0.0066292
                      3,                 1.1516,                 1.7864,                 1.1242,                  1.383,                0.76982,                0.66209,                0.75123,                0.47767,                0.77104,                0.62095,                0.71034,                0.41901,                 1.3777,                 2.0051,                 1.6398,                 1.8095,              0.0099186,              0.0099186,              0.0099186
                      4,                0.95142,                  1.403,                0.84241,                 1.2348,                0.94597,                0.91521,                0.93383,                0.73959,                 0.9421,                0.91147,                0.92964,                   0.72,                 0.8243,                 1.1831,                 0.6185,                 1.3201,               0.009901,               0.009901,               0.009901
                      5,                0.79688,                  1.159,                0.69127,                 1.1343,                0.95736,                0.92384,                0.94645,                0.78789,                0.95348,                 0.9201,                0.94133,                0.76349,                0.70498,                 1.0607,                 0.5397,                    1.2,               0.009901,               0.009901,               0.009901
                      6,                0.71339,                 1.0744,                0.60893,                 1.0831,                0.97411,                0.93837,                0.94953,                0.81827,                0.97023,                0.93463,                0.94602,                0.78881,                 0.6025,                0.95571,                0.46811,                 1.1005,               0.009868,               0.009868,               0.009868
                      7,                0.65201,                0.98814,                0.55456,                 1.0538,                0.96481,                0.92289,                0.94813,                0.83774,                0.96099,                0.92139,                 0.9409,                0.81213,                0.54608,                0.89981,                0.44469,                 1.0634,               0.009835,               0.009835,               0.009835
                      8,                0.61668,                 0.9526,                0.52559,                 1.0344,                0.97672,                0.94167,                0.94774,                0.84686,                0.97543,                0.94047,                0.94763,                0.81509,                0.51676,                0.86651,                0.41511,                 1.0274,               0.009802,               0.009802,               0.009802
                      9,                0.58619,                0.91724,                0.49772,                 1.0194,                0.97478,                0.93142,                0.95773,                0.85888,                0.97347,                0.93017,                0.95476,                0.82777,                0.49357,                0.83501,                0.41403,                  1.016,               0.009769,               0.009769,               0.009769
                     10,                 0.5611,                0.89969,                0.48021,                  1.006,                0.97775,                 0.9315,                 0.9539,                0.87435,                0.97644,                0.93026,                0.95255,                0.82936,                0.46525,                0.82219,                0.39377,                0.98744,               0.009736,               0.009736,               0.009736
                     11,                0.53586,                0.85618,                0.45577,                0.99425,                0.97653,                0.93373,                0.95671,                0.87311,                0.97522,                0.93248,                0.95312,                0.83175,                0.45537,                0.81093,                0.38145,                0.98809,               0.009703,               0.009703,               0.009703
                     12,                0.51274,                0.84454,                0.44536,                0.98561,                0.96911,                0.94264,                0.95122,                  0.878,                0.96917,                 0.9414,                0.94645,                 0.8357,                0.43487,                0.79927,                0.39016,                 0.9768,                0.00967,                0.00967,                0.00967
                     13,                0.50662,                0.82137,                0.42988,                0.98314,                0.98946,                0.93639,                0.96021,                0.88372,                0.98682,                 0.9339,                0.95902,                0.84165,                0.43084,                0.78551,                0.36886,                0.96697,               0.009637,               0.009637,               0.009637
                     14,                0.49035,                0.81814,                 0.4162,                0.97814,                0.97061,                0.94701,                0.95448,                0.87747,                0.96933,                0.94576,                0.95194,                 0.8354,                 0.4298,                0.79573,                0.35919,                0.96629,               0.009604,               0.009604,               0.009604
                     15,                0.47825,                0.80106,                0.40436,                  0.969,                0.98314,                0.93766,                0.95687,                0.89252,                0.98183,                0.93641,                0.95504,                 0.8544,                0.39914,                0.74494,                0.35064,                0.94916,               0.009571,               0.009571,               0.009571
                     16,                0.47094,                0.79245,                0.40077,                0.96721,                0.98289,                0.93092,                  0.959,                0.88957,                0.98157,                0.92975,                 0.9564,                0.85299,                0.40549,                0.74588,                0.35627,                0.95077,               0.009538,               0.009538,               0.009538
                     17,                  0.462,                0.77856,                0.39316,                0.96282,                0.98403,                0.93641,                0.95989,                0.89694,                0.98141,                0.93392,                0.95926,                0.86169,                0.39812,                0.74727,                 0.3464,                0.93981,               0.009505,               0.009505,               0.009505
                     18,                0.44923,                0.77229,                0.37939,                 0.9584,                0.97538,                0.93869,                0.95634,                 0.8963,                0.97279,                0.93625,                0.95232,                0.85475,                0.38246,                 0.7428,                0.34267,                0.94093,               0.009472,               0.009472,               0.009472
                     19,                0.44539,                 0.7581,                0.37694,                0.95558,                0.97428,                0.94455,                0.95864,                0.89925,                0.97661,                0.93694,                0.95624,                0.85995,                0.38126,                0.73059,                0.32259,                0.94298,               0.009439,               0.009439,               0.009439
                     20,                0.43604,                0.74768,                0.37178,                0.94949,                0.99072,                 0.9389,                0.96316,                0.91241,                0.98928,                 0.9389,                0.96192,                0.87399,                0.35696,                 0.7154,                0.31512,                0.91954,               0.009406,               0.009406,               0.009406
                     21,                0.43112,                0.73637,                0.36491,                0.94468,                0.98846,                0.94015,                0.96154,                0.91112,                0.98715,                 0.9389,                0.95747,                0.87052,                0.37064,                0.73724,                0.32186,                0.92868,               0.009373,               0.009373,               0.009373
                     22,                0.42701,                0.74241,                0.36032,                0.94767,                0.98058,                0.94441,                0.95848,                0.91323,                0.97929,                0.94316,                0.95504,                0.86783,                0.34923,                 0.7058,                0.31341,                0.91994,                0.00934,                0.00934,                0.00934
                     23,                0.42216,                0.74233,                0.35731,                0.94448,                0.98825,                 0.9437,                0.96234,                0.90861,                0.98694,                0.94245,                   0.96,                0.86821,                0.35183,                0.71734,                0.30634,                0.91849,               0.009307,               0.009307,               0.009307
                     24,                0.41375,                0.72866,                 0.3476,                0.94192,                0.99209,                0.93836,                0.96237,                0.91454,                 0.9895,                 0.9396,                0.96041,                0.87356,                0.34303,                0.72253,                0.31042,                0.91643,               0.009274,               0.009274,               0.009274
                     25,                0.41259,                0.72514,                0.34703,                0.94001,                0.98903,                0.94514,                0.96314,                0.91565,                0.98773,                0.94389,                0.96028,                0.87259,                0.33698,                0.69458,                0.29013,                0.90866,               0.009241,               0.009241,               0.009241
                     26,                0.40508,                0.71611,                0.34454,                0.93602,                0.98691,                0.93987,                0.96061,                0.91252,                 0.9856,                0.93863,                0.95868,                0.86904,                0.33984,                0.70854,                0.29017,                 0.9192,               0.009208,               0.009208,               0.009208
                     27,                0.40552,                0.71592,                0.34337,                 0.9394,                0.98822,                0.94105,                0.95756,                0.91615,                0.98548,                0.94389,                0.95587,                0.87146,                0.32906,                0.69125,                0.29277,                0.90631,               0.009175,               0.009175,               0.009175
                     28,                0.39568,                0.70592,                 0.3351,                0.93448,                0.98177,                0.93989,                0.95627,                0.90878,                0.98306,                0.94069,                0.95326,                0.86439,                0.33554,                0.69517,                0.30534,                0.90784,               0.009142,               0.009142,               0.009142
                     29,                0.38749,                0.68269,                0.32533,                0.93261,                0.97546,                0.94157,                0.95757,                0.91062,                0.97416,                0.94032,                0.95602,                0.86529,                0.33043,                0.69602,                0.30401,                0.90571,               0.009109,               0.009109,               0.009109
                     30,                0.38912,                0.70227,                0.33154,                0.93189,                0.99084,                0.94371,                0.96033,                0.92142,                0.98822,                0.94124,                0.95611,                0.87697,                 0.3146,                0.67049,                0.29066,                0.90183,               0.009076,               0.009076,               0.009076
                     31,                 0.3837,                0.69218,                0.32439,                0.92964,                0.99341,                0.94024,                0.96188,                0.92364,                 0.9921,                0.93899,                0.96003,                0.88184,                0.31554,                0.67702,                0.27406,                0.89979,               0.009043,               0.009043,               0.009043
                     32,                0.38599,                0.69329,                0.32513,                0.93137,                0.98957,                0.94624,                0.96201,                 0.9168,                0.98826,                0.94499,                0.96098,                0.87463,                0.31365,                0.67655,                0.27291,                 0.9014,                0.00901,                0.00901,                0.00901
                     33,                0.37795,                0.68279,                0.31762,                 0.9275,                0.98952,                0.94208,                0.96238,                0.91834,                0.98647,                0.94264,                0.96015,                0.87588,                0.31318,                0.66574,                0.27383,                0.89932,               0.008977,               0.008977,               0.008977
                     34,                 0.3764,                0.67652,                0.31431,                0.92704,                0.98561,                0.93939,                0.96147,                0.91831,                 0.9843,                0.93814,                0.96028,                0.86937,                0.30741,                 0.6753,                0.28186,                0.89296,               0.008944,               0.008944,               0.008944
                     35,                0.37324,                 0.6796,                0.31705,                 0.9227,                0.98435,                0.94389,                0.95736,                0.92061,                0.98305,                0.94264,                0.95359,                0.87466,                0.30844,                0.67752,                0.27685,                0.89569,               0.008911,               0.008911,               0.008911
